{ 
  "resources-case": "Resources case",
  "food-case": "Food case",
  "swords-case": "Swords case",
  "shooting-case": "Shooting case",
  "music-discs-case": "Music case",
  "armor-case": "Armor case",
  "blocks-case": "Blocks case",
  "coming-soon-case": "New case",
  "coming-soon-case-price": "Coming soon...",
  "balance": "Balance",
  "ok": "Ok",
  "inventory": "Inventory",
  "cases": "Cases",
  "open": "Open",
  "inventory-item-count": "Items",
  "sell": "Sell",
  "daily-bonus-header": "Your daily bonus",
  "daily-bonus-day": "day",
  "daily-bonus-get": "Get",
  "prize-confirmation-header": "You won",
  "ad-pause": "Commercial break in",
  "yandex-sdk-sign-in-error": "Failed to sign in, please try refreshing the page",
  "yandex-sdk-load-data-error": "Failed to load game save, please try refreshing the page",
  "wood-sword": "Wooden sword",
  "stone-sword": "Stone sword",
  "iron-sword": "Iron sword",
  "redstone-sword": "Redstone sword",
  "lapis-sword": "Lapis Lazuli sword",
  "golden-mini-sword": "Golden mini-sword",
  "golden-sword": "Golden sword",
  "ender-sword": "Ender sword",
  "diamond-mini-sword": "Diamond mini-sword",
  "diamond-sword": "Diamond sword",
  "emerald-mini-sword": "Emerald mini-sword",
  "emerald-sword": "Emerald sword",
  "arrow": "Arrow",
  "wood-bow": "Wooden bow",
  "wood-crossbow": "Wooden crossbow",
  "trident": "Trident",
  "golden-arrow": "Golden arrow",
  "diamond-arrow": "Diamond arrow",
  "golden-trident": "Golden trident",
  "emerald-bow": "Emerald bow",
  "emerald-crossbow": "Emerald crossbow",
  "emerald-trident": "Emerald trident",
  "coil": "Coil",
  "flint": "Flint",
  "iron": "Iron",
  "slime": "Slimeball",
  "redstone": "Redstone sword",
  "lapis": "Lapis Lazuli",
  "glowstone": "Glowstone",
  "gold": "Gold",
  "diamond": "Diamond",
  "emerald": "Emerald",
  "nether-star": "Nether star",
  "disc-1": "Disc 1",
  "disc-2": "Disc 2",
  "disc-3": "Disc 3",
  "disc-4": "Disc 4",
  "disc-5": "Disc 5",
  "disc-6": "Disc 6",
  "disc-7": "Disc 7",
  "disc-8": "Disc 8",
  "disc-9": "Disc 9",
  "disc-10": "Disc 10",
  "disc-11": "Disc 11",
  "disc-12": "Disc 12",
  "disc-13": "Disc 13",
  "rotten-flesh": "Rotten flesh",
  "bread": "Bread",
  "watermelon": "Watermelon",
  "carrot": "Carrot",
  "apple": "Apple",
  "potato": "Potato",
  "chicken": "Chicken",
  "beef": "Beef",
  "porkchop": "Porkchop",
  "mutton": "Mutton",
  "mushrooms": "Mushrooms",
  "pumpkin-pie": "Pumpkin pie",
  "cookie": "Cookie",
  "cake": "Cake",
  "poisonous-potato": "Poisonous potato",
  "golden-carrot": "Golden carrot",
  "glistering-watermelon": "Glistering watermelon",
  "golden-apple": "Golden apple",
  "leather-boots": "Leather boots",
  "leather-helmet": "Leather helmet",
  "leather-leggins": "Leather leggins",
  "leather-chestplate": "Leather chestplate",
  "iron-boots": "Iron boots",
  "iron-helmet": "Iron helmet",
  "iron-leggins": "Iron leggins",
  "iron-chestplate": "Iron chestplate",
  "golden-boots": "Golden boots",
  "golden-helmet": "Golden helmet",
  "golden-leggins": "Golden leggins",
  "golden-chestplate": "Golden chestplate",
  "chainmail-boots": "Chainmail boots",
  "chainmail-helmet": "Chainmail helmet",
  "chainmail-leggins": "Chainmail leggins",
  "chainmail-chestplate": "Chainmail chestplate",
  "diamond-boots": "Diamond boots",
  "diamond-helmet": "Diamond helmet",
  "diamond-leggins": "Diamond leggins",
  "diamond-chestplate": "Diamond chestplate",
  "turtle-shell": "Turtle shell",
  "emerald-boots": "Emerald boots",
  "emerald-helmet": "Emerald helmet",
  "emerald-leggins": "Emerald leggins",
  "emerald-chestplate": "Emerald chestplate",
  "elytra": "Elytra",
  "workbench": "Workbench",
  "chest": "Chest",
  "furnace": "Furnace",
  "iron-block": "Iron block",
  "bookshelf": "Bookshelf",
  "pumpkin": "Pumpkin",
  "redstone-block": "Redstone block",
  "golden-block": "Golden block",
  "obsidian-block": "Obsidian block",
  "tnt": "TNT",
  "sponge": "Sponge",
  "diamond-block": "Diamond block",
  "slime-block": "Slime block",
  "ender-chest": "Ender block",
  "emerald-block": "Emerald block",
  "beacon": "Beacon"
 }