{ 
  "resources-case": "Ресурсовый кейс",
  "food-case": "Кейс еды",
  "swords-case": "Мечевой кейс",
  "shooting-case": "Cтрелковый кейс",
  "music-discs-case": "Музыкальный кейс",
  "armor-case": "Кейс брони",
  "blocks-case": "Кейс блоков",
  "coming-soon-case": "Новый кейс",
  "coming-soon-case-price": "Скоро...",
  "balance": "Баланс",
  "ok": "Ок",
  "inventory": "Инвентарь",
  "cases": "Кейсы",
  "open": "Открыть",
  "inventory-item-count": "Предметов",
  "sell": "Продать",
  "daily-bonus-header": "Твой ежедневный бонус",
  "daily-bonus-day": "день",
  "daily-bonus-get": "Забрать",
  "prize-confirmation-header": "Вы выиграли",
  "ad-pause": "Рекламная пауза через",
  "yandex-sdk-sign-in-error": "Не удалось залогиниться, попробуйте обновить страницу",
  "yandex-sdk-load-data-error": "Не удалось загрузить сохранение, попробуйте обновить страницу",
  "wood-sword": "Деревянный меч",
  "stone-sword": "Каменный меч",
  "iron-sword": "Железный меч",
  "redstone-sword": "Редстоун меч",
  "lapis-sword": "Лазуритовый меч",
  "golden-mini-sword": "Золотой мини-меч",
  "golden-sword": "Золотой меч",
  "ender-sword": "Эндер меч",
  "diamond-mini-sword": "Алмазный мини-меч",
  "diamond-sword": "Алмазный меч",
  "emerald-mini-sword": "Изумрудный мини-меч",
  "emerald-sword": "Изумрудный меч",
  "arrow": "Стрела",
  "wood-bow": "Деревянный лук",
  "wood-crossbow": "Деревянный арбалет",
  "trident": "Трезубец",
  "golden-arrow": "Золотая стрела",
  "diamond-arrow": "Алмазная стрела",
  "golden-trident": "Золотой трезубец",
  "emerald-bow": "Изумрудный лук",
  "emerald-crossbow": "Изумрудный арбалет",
  "emerald-trident": "Изумрудный трезубец",
  "coil": "Уголь",
  "flint": "Кремень",
  "iron": "Железо",
  "slime": "Слизь",
  "redstone": "Редстоун",
  "lapis": "Лазурит",
  "glowstone": "Светопыль",
  "gold": "Золото",
  "diamond": "Алмаз",
  "emerald": "Изумруд",
  "nether-star": "Звезда Нижнего мира",
  "disc-1": "Диск 1",
  "disc-2": "Диск 2",
  "disc-3": "Диск 3",
  "disc-4": "Диск 4",
  "disc-5": "Диск 5",
  "disc-6": "Диск 6",
  "disc-7": "Диск 7",
  "disc-8": "Диск 8",
  "disc-9": "Диск 9",
  "disc-10": "Диск 10",
  "disc-11": "Диск 11",
  "disc-12": "Диск 12",
  "disc-13": "Диск 13",
  "rotten-flesh": "Гнилая плоть",
  "bread": "Хлеб",
  "watermelon": "Арбуз",
  "carrot": "Морковка",
  "apple": "Яблоко",
  "potato": "Картофель",
  "chicken": "Курица",
  "beef": "Говядина",
  "porkchop": "Свинина",
  "mutton": "Баранина",
  "mushrooms": "Тушеные грибы",
  "pumpkin-pie": "Тыквенный пирог",
  "cookie": "Печенька",
  "cake": "Торт",
  "poisonous-potato": "Отравленный картофель",
  "golden-carrot": "Золотая морковка",
  "glistering-watermelon": "Искрящийся арбуз",
  "golden-apple": "Золотое яблоко",
  "leather-boots": "Кожаные ботинки",
  "leather-helmet": "Кожаный шлем",
  "leather-leggins": "Кожаные поножи",
  "leather-chestplate": "Кожаная кираса",
  "iron-boots": "Железные ботинки",
  "iron-helmet": "Железный шлем",
  "iron-leggins": "Железные поножи",
  "iron-chestplate": "Железная кираса",
  "golden-boots": "Золотые ботинки",
  "golden-helmet": "Золотой шлем",
  "golden-leggins": "Золотые поножи",
  "golden-chestplate": "Золотая кираса",
  "chainmail-boots": "Кольчужные ботинки",
  "chainmail-helmet": "Кольчужный шлем",
  "chainmail-leggins": "Кольчужные поножи",
  "chainmail-chestplate": "Кольчужная кираса",
  "diamond-boots": "Алмазные ботинки",
  "diamond-helmet": "Алмазные шлем",
  "diamond-leggins": "Алмазные поножи",
  "diamond-chestplate": "Алмазная кираса",
  "turtle-shell": "Черепаший панцирь",
  "emerald-boots": "Изумрудные ботинки",
  "emerald-helmet": "Изумрудый шлем",
  "emerald-leggins": "Изумрудые поножи",
  "emerald-chestplate": "Изумрудная кираса",
  "elytra": "Элитры",
  "workbench": "Верстак",
  "chest": "Сундук",
  "furnace": "Печь",
  "iron-block": "Железный блок",
  "bookshelf": "Книжная полка",
  "pumpkin": "Тыква",
  "redstone-block": "Редстоун блок",
  "golden-block": "Золотой блок",
  "obsidian-block": "Обсидиан блок",
  "tnt": "Динамит",
  "sponge": "Губка",
  "diamond-block": "Алмазный блок",
  "slime-block": "Блок слайма",
  "ender-chest": "Эндер-сундук",
  "emerald-block": "Изумрудный блок",
  "beacon": "Маяк"
 }